-- phpMyAdmin SQL Dump
-- version 5.2.3
-- https://www.phpmyadmin.net/
--
-- Host: localhost
-- Generation Time: Mar 15, 2026 at 10:28 AM
-- Server version: 11.8.6-MariaDB-0+deb13u1 from Debian
-- PHP Version: 8.4.16

SET SQL_MODE = "NO_AUTO_VALUE_ON_ZERO";
START TRANSACTION;
SET time_zone = "+00:00";


/*!40101 SET @OLD_CHARACTER_SET_CLIENT=@@CHARACTER_SET_CLIENT */;
/*!40101 SET @OLD_CHARACTER_SET_RESULTS=@@CHARACTER_SET_RESULTS */;
/*!40101 SET @OLD_COLLATION_CONNECTION=@@COLLATION_CONNECTION */;
/*!40101 SET NAMES utf8mb4 */;

--
-- Database: `ld401629_five_nights_at_fabron`
--

-- --------------------------------------------------------

--
-- Table structure for table `game_sessions`
--

CREATE TABLE `game_sessions` (
  `id` bigint(20) NOT NULL,
  `active` bit(1) NOT NULL,
  `night_level` int(11) NOT NULL,
  `start_time` datetime(6) DEFAULT NULL,
  `player_id` bigint(20) NOT NULL
) ENGINE=InnoDB DEFAULT CHARSET=utf8mb4 COLLATE=utf8mb4_uca1400_ai_ci;

--
-- Dumping data for table `game_sessions`
--

INSERT INTO `game_sessions` (`id`, `active`, `night_level`, `start_time`, `player_id`) VALUES
(1, b'0', 1, '2026-03-03 14:00:32.346503', 1),
(2, b'0', 1, '2026-03-03 14:01:18.575026', 1),
(3, b'0', 2, '2026-03-03 14:02:01.918717', 1),
(4, b'0', 3, '2026-03-03 14:02:41.559279', 1),
(5, b'0', 1, '2026-03-03 14:03:09.771012', 1),
(6, b'0', 2, '2026-03-03 14:13:07.357991', 1),
(7, b'0', 1, '2026-03-03 14:13:13.457218', 1),
(8, b'0', 2, '2026-03-03 14:16:17.016773', 1),
(9, b'0', 1, '2026-03-03 14:18:32.219515', 1),
(10, b'0', 2, '2026-03-03 14:19:48.005594', 1),
(11, b'0', 1, '2026-03-03 14:20:44.625257', 1),
(12, b'0', 1, '2026-03-03 14:29:19.803865', 1),
(13, b'0', 2, '2026-03-03 14:30:05.640614', 1),
(14, b'0', 1, '2026-03-03 14:42:48.500483', 1),
(15, b'0', 2, '2026-03-03 14:43:18.070633', 1),
(16, b'0', 1, '2026-03-03 14:43:52.208884', 1),
(17, b'0', 2, '2026-03-03 14:44:26.938758', 1),
(18, b'0', 1, '2026-03-03 14:44:45.332676', 1),
(19, b'0', 2, '2026-03-03 14:45:07.056375', 1),
(20, b'0', 3, '2026-03-03 14:53:05.712611', 1),
(21, b'0', 1, '2026-03-03 14:53:29.913060', 1),
(22, b'0', 2, '2026-03-03 14:53:58.289412', 1),
(23, b'0', 1, '2026-03-03 14:58:10.106903', 1),
(24, b'0', 2, '2026-03-03 15:20:44.845973', 1),
(25, b'0', 3, '2026-03-03 15:21:06.126963', 1),
(26, b'0', 3, '2026-03-03 15:22:50.054251', 1),
(27, b'0', 4, '2026-03-03 15:27:00.126439', 1),
(28, b'0', 5, '2026-03-03 15:27:20.094709', 1),
(29, b'0', 6, '2026-03-03 15:28:45.293146', 1),
(30, b'0', 1, '2026-03-03 15:28:48.920934', 1),
(31, b'0', 2, '2026-03-03 15:29:32.142478', 1),
(32, b'0', 2, '2026-03-03 15:36:26.188343', 1),
(33, b'0', 2, '2026-03-03 15:38:04.808965', 1),
(34, b'0', 1, '2026-03-03 15:46:35.557621', 1),
(35, b'0', 1, '2026-03-03 15:47:20.038466', 1),
(36, b'0', 1, '2026-03-03 15:59:46.136810', 1),
(37, b'0', 1, '2026-03-03 15:59:46.137810', 1),
(38, b'0', 1, '2026-03-03 15:59:46.136810', 1),
(39, b'0', 1, '2026-03-03 15:59:46.137810', 1),
(40, b'0', 1, '2026-03-03 15:59:46.137810', 1),
(41, b'0', 1, '2026-03-03 15:59:46.137810', 1),
(42, b'0', 1, '2026-03-03 16:17:45.279096', 1),
(43, b'0', 1, '2026-03-03 16:21:56.005225', 1),
(44, b'0', 1, '2026-03-03 16:22:00.938617', 1),
(45, b'0', 1, '2026-03-03 16:22:14.965693', 1),
(46, b'0', 2, '2026-03-03 16:26:37.276143', 1),
(47, b'0', 2, '2026-03-03 16:27:36.294316', 1),
(48, b'0', 3, '2026-03-03 16:37:46.238248', 1),
(49, b'1', 4, '2026-03-03 16:41:14.809050', 1),
(50, b'0', 1, '2026-03-04 12:48:02.064840', 2),
(51, b'0', 2, '2026-03-04 12:54:54.031963', 2),
(52, b'0', 3, '2026-03-04 12:56:02.161257', 2),
(53, b'0', 1, '2026-03-04 13:00:14.731111', 2),
(54, b'0', 2, '2026-03-04 13:02:22.394587', 2),
(55, b'0', 3, '2026-03-04 13:03:29.551555', 2),
(56, b'0', 1, '2026-03-04 13:03:35.385620', 2),
(57, b'0', 2, '2026-03-04 13:04:44.016798', 2),
(58, b'0', 3, '2026-03-04 13:05:51.583133', 2),
(59, b'0', 4, '2026-03-04 13:06:58.935278', 2),
(60, b'0', 1, '2026-03-04 13:18:27.951129', 2),
(61, b'0', 2, '2026-03-04 13:19:43.394938', 2),
(62, b'0', 3, '2026-03-04 13:27:28.862923', 2),
(63, b'0', 4, '2026-03-04 13:29:14.535605', 2),
(64, b'0', 5, '2026-03-04 13:34:34.942099', 2),
(65, b'0', 6, '2026-03-04 13:35:45.490897', 2),
(66, b'0', 1, '2026-03-04 13:35:48.378293', 2),
(67, b'0', 2, '2026-03-04 13:40:50.969395', 2),
(68, b'0', 2, '2026-03-04 13:41:49.790556', 2),
(69, b'0', 2, '2026-03-04 13:42:06.978383', 2),
(70, b'0', 3, '2026-03-04 13:44:17.841716', 2),
(71, b'0', 3, '2026-03-04 13:49:49.700539', 2),
(72, b'0', 4, '2026-03-04 13:52:56.278831', 2),
(73, b'0', 4, '2026-03-04 13:53:03.299528', 2),
(74, b'0', 4, '2026-03-04 13:53:32.519784', 2),
(75, b'0', 5, '2026-03-04 13:56:06.938163', 2),
(76, b'0', 5, '2026-03-04 13:56:44.782049', 2),
(77, b'0', 6, '2026-03-04 13:57:57.734657', 2),
(78, b'0', 1, '2026-03-04 13:58:01.191317', 2),
(79, b'0', 1, '2026-03-04 13:58:12.367055', 2),
(80, b'0', 1, '2026-03-04 14:01:24.039661', 2),
(81, b'0', 2, '2026-03-04 14:06:41.195399', 2),
(82, b'0', 2, '2026-03-04 14:13:38.184514', 2),
(83, b'0', 2, '2026-03-04 14:14:37.236360', 2),
(84, b'0', 3, '2026-03-04 14:17:06.438958', 2),
(85, b'0', 4, '2026-03-04 14:18:30.878884', 2),
(86, b'0', 5, '2026-03-04 14:19:50.393525', 2),
(87, b'0', 6, '2026-03-04 14:23:16.950874', 2),
(88, b'0', 6, '2026-03-04 14:23:25.270748', 2),
(89, b'0', 6, '2026-03-04 14:24:22.507711', 2),
(90, b'0', 6, '2026-03-04 14:25:20.869349', 2),
(91, b'0', 7, '2026-03-04 14:26:43.282562', 2),
(92, b'0', 1, '2026-03-04 14:32:17.905290', 2),
(93, b'0', 1, '2026-03-04 14:35:47.100060', 2),
(94, b'0', 2, '2026-03-04 14:40:33.750231', 2),
(95, b'0', 2, '2026-03-04 14:41:26.349089', 2),
(96, b'0', 2, '2026-03-04 14:42:40.918320', 2),
(97, b'0', 2, '2026-03-04 14:43:33.109739', 2),
(98, b'0', 3, '2026-03-04 14:45:54.541119', 2),
(99, b'0', 1, '2026-03-04 14:56:07.528150', 2),
(100, b'0', 2, '2026-03-04 14:58:16.685904', 2),
(101, b'0', 2, '2026-03-04 15:09:30.520015', 2),
(102, b'0', 3, '2026-03-04 15:10:55.031222', 2),
(103, b'0', 1, '2026-03-04 15:11:11.751985', 2),
(104, b'0', 2, '2026-03-04 15:12:18.755040', 2),
(105, b'0', 1, '2026-03-04 15:13:15.889048', 2),
(106, b'0', 2, '2026-03-04 15:21:57.278458', 2),
(107, b'0', 3, '2026-03-04 15:23:07.300703', 2),
(108, b'0', 1, '2026-03-04 15:24:23.765278', 2),
(109, b'0', 2, '2026-03-04 15:25:30.900833', 2),
(110, b'0', 3, '2026-03-04 15:35:03.603260', 2),
(111, b'0', 4, '2026-03-04 15:47:06.047571', 2),
(112, b'0', 5, '2026-03-04 15:49:27.243146', 2),
(113, b'0', 1, '2026-03-06 12:50:43.865909', 3),
(114, b'0', 1, '2026-03-06 12:51:00.604434', 3),
(115, b'0', 1, '2026-03-06 12:51:12.178797', 3),
(116, b'0', 2, '2026-03-06 12:52:39.577187', 3),
(117, b'0', 3, '2026-03-06 12:56:07.575209', 3),
(118, b'0', 1, '2026-03-06 13:00:55.887821', 3),
(119, b'0', 1, '2026-03-06 13:01:19.775243', 3),
(120, b'0', 1, '2026-03-06 13:09:30.287953', 3),
(121, b'0', 2, '2026-03-06 13:11:50.624626', 3),
(122, b'0', 3, '2026-03-06 13:14:33.199220', 3),
(123, b'0', 4, '2026-03-06 13:22:54.335593', 3),
(124, b'0', 5, '2026-03-06 13:24:03.636003', 3),
(125, b'0', 1, '2026-03-06 13:26:02.938890', 3),
(126, b'0', 2, '2026-03-06 13:30:34.239647', 3),
(127, b'0', 3, '2026-03-06 13:51:20.946803', 3),
(128, b'0', 1, '2026-03-06 13:51:26.172058', 3),
(129, b'0', 2, '2026-03-09 13:37:07.074463', 3),
(130, b'0', 1, '2026-03-09 13:45:25.517323', 3),
(131, b'0', 1, '2026-03-09 13:50:23.087735', 3),
(132, b'0', 2, '2026-03-09 13:51:52.391324', 3),
(133, b'0', 3, '2026-03-09 13:53:06.009046', 3),
(134, b'0', 3, '2026-03-09 13:54:06.378407', 3),
(135, b'0', 3, '2026-03-09 13:54:20.166594', 3),
(136, b'0', 3, '2026-03-09 13:54:29.751926', 3),
(137, b'0', 3, '2026-03-09 13:55:58.895367', 3),
(138, b'0', 4, '2026-03-09 13:57:15.212157', 3),
(139, b'0', 1, '2026-03-09 13:57:24.235555', 3),
(140, b'0', 1, '2026-03-09 13:58:54.533504', 3),
(141, b'0', 2, '2026-03-09 14:05:27.304022', 3),
(142, b'0', 3, '2026-03-09 14:06:36.597245', 3),
(143, b'0', 1, '2026-03-09 14:10:41.618526', 3),
(144, b'0', 1, '2026-03-09 14:10:57.934733', 3),
(145, b'0', 1, '2026-03-09 14:16:28.608435', 3),
(146, b'0', 2, '2026-03-09 14:18:03.635546', 3),
(147, b'0', 3, '2026-03-09 14:19:11.864124', 3),
(148, b'0', 4, '2026-03-09 14:20:51.025404', 3),
(149, b'0', 4, '2026-03-09 14:21:13.499913', 3),
(150, b'0', 4, '2026-03-09 14:22:33.086782', 3),
(151, b'0', 1, '2026-03-09 14:24:11.065628', 3),
(152, b'0', 1, '2026-03-09 14:32:58.499629', 3),
(153, b'0', 1, '2026-03-09 14:33:16.583295', 3),
(154, b'0', 1, '2026-03-09 14:58:26.673980', 3),
(155, b'0', 1, '2026-03-09 14:59:04.502899', 3),
(156, b'0', 1, '2026-03-09 14:59:15.815319', 3),
(157, b'0', 1, '2026-03-09 15:00:50.623774', 3),
(158, b'0', 1, '2026-03-09 15:04:48.467939', 3),
(159, b'0', 2, '2026-03-09 15:09:32.449420', 3),
(160, b'0', 3, '2026-03-09 15:10:48.314819', 3),
(161, b'0', 1, '2026-03-09 15:11:04.672430', 3),
(162, b'0', 1, '2026-03-09 15:14:18.189820', 3),
(163, b'0', 1, '2026-03-09 15:15:17.971747', 3),
(164, b'0', 1, '2026-03-09 15:15:59.836835', 3),
(165, b'0', 2, '2026-03-09 15:17:40.977862', 3),
(166, b'0', 2, '2026-03-09 15:17:53.714970', 3),
(167, b'0', 2, '2026-03-09 15:19:40.911257', 3),
(168, b'0', 1, '2026-03-09 15:31:43.808031', 3),
(169, b'0', 1, '2026-03-09 15:34:11.601531', 3),
(170, b'0', 1, '2026-03-09 15:37:44.340119', 3),
(171, b'0', 1, '2026-03-09 15:39:22.424767', 3),
(172, b'0', 1, '2026-03-09 15:39:51.933657', 3),
(173, b'0', 1, '2026-03-09 15:43:11.276004', 3),
(174, b'0', 1, '2026-03-09 15:43:53.062981', 3),
(175, b'0', 1, '2026-03-09 15:45:08.452282', 3),
(176, b'0', 1, '2026-03-09 15:46:07.873624', 3),
(177, b'0', 1, '2026-03-09 15:47:53.524882', 3),
(178, b'0', 1, '2026-03-09 15:52:46.978075', 3),
(179, b'0', 1, '2026-03-09 16:01:31.777908', 3),
(180, b'0', 1, '2026-03-10 08:49:40.226702', 3),
(181, b'0', 1, '2026-03-10 08:50:06.530562', 3),
(182, b'0', 1, '2026-03-10 08:50:33.573649', 3),
(183, b'0', 1, '2026-03-10 08:52:27.484102', 3),
(184, b'0', 1, '2026-03-10 08:57:39.758236', 3),
(185, b'0', 1, '2026-03-10 09:03:16.210770', 3),
(186, b'0', 2, '2026-03-10 09:11:06.265389', 3),
(187, b'0', 3, '2026-03-10 09:13:48.065372', 3),
(188, b'0', 1, '2026-03-10 09:14:37.267676', 3),
(189, b'0', 2, '2026-03-10 09:15:44.791462', 3),
(190, b'0', 1, '2026-03-10 09:22:57.862031', 3),
(191, b'0', 1, '2026-03-10 13:08:06.267463', 3),
(192, b'0', 2, '2026-03-10 13:09:30.780437', 3),
(193, b'0', 3, '2026-03-10 13:13:43.115881', 3),
(194, b'0', 1, '2026-03-10 13:29:47.667386', 3),
(195, b'0', 2, '2026-03-10 13:30:56.108017', 3),
(196, b'0', 3, '2026-03-10 13:35:33.997593', 3),
(197, b'0', 2, '2026-03-10 13:45:02.914133', 3),
(198, b'0', 2, '2026-03-10 13:45:34.160712', 3),
(199, b'0', 1, '2026-03-10 13:46:29.348934', 3),
(200, b'0', 2, '2026-03-10 13:46:33.703423', 3),
(201, b'0', 2, '2026-03-10 13:47:09.719219', 3),
(202, b'0', 1, '2026-03-10 13:47:47.259477', 3),
(203, b'0', 1, '2026-03-10 13:48:18.293291', 3),
(204, b'0', 2, '2026-03-10 13:48:45.703256', 3),
(205, b'0', 1, '2026-03-10 13:49:16.973522', 3),
(206, b'0', 1, '2026-03-10 14:12:20.499335', 3),
(207, b'0', 1, '2026-03-10 14:13:05.964741', 3),
(208, b'0', 1, '2026-03-10 14:14:52.730489', 3),
(209, b'0', 2, '2026-03-10 14:44:13.788454', 3),
(210, b'0', 1, '2026-03-10 14:44:50.927582', 3),
(211, b'0', 2, '2026-03-10 14:45:58.626351', 3),
(212, b'0', 1, '2026-03-10 14:46:52.244839', 3),
(213, b'0', 1, '2026-03-10 14:48:40.551007', 3),
(214, b'0', 2, '2026-03-10 14:49:49.763080', 3),
(215, b'0', 5, '2026-03-10 15:04:26.413839', 3),
(216, b'0', 6, '2026-03-10 15:10:18.533871', 3),
(217, b'0', 6, '2026-03-10 15:10:34.173960', 3),
(218, b'0', 6, '2026-03-10 15:11:09.990182', 3),
(219, b'0', 6, '2026-03-10 15:11:30.648871', 3),
(220, b'0', 6, '2026-03-10 15:11:47.131023', 3),
(221, b'0', 6, '2026-03-10 15:12:02.899047', 3),
(222, b'0', 6, '2026-03-10 15:12:35.690695', 3),
(223, b'0', 6, '2026-03-10 15:12:43.188031', 3),
(224, b'0', 6, '2026-03-10 15:13:10.684641', 3),
(225, b'0', 6, '2026-03-10 15:14:27.967155', 3),
(226, b'0', 1, '2026-03-10 15:16:11.352095', 3),
(227, b'0', 2, '2026-03-10 15:18:19.820526', 3),
(228, b'0', 1, '2026-03-10 15:18:22.708710', 3),
(229, b'0', 1, '2026-03-10 15:34:33.891323', 3),
(230, b'0', 1, '2026-03-10 15:39:08.072952', 3),
(231, b'0', 1, '2026-03-10 15:44:50.448488', 3),
(232, b'0', 1, '2026-03-10 15:45:16.378950', 4),
(233, b'0', 1, '2026-03-10 15:46:35.129116', 3),
(234, b'0', 1, '2026-03-10 15:46:46.359810', 3),
(235, b'0', 1, '2026-03-10 15:58:03.831130', 3),
(236, b'0', 1, '2026-03-10 16:18:04.876361', 3),
(237, b'0', 1, '2026-03-10 16:19:19.982838', 3),
(238, b'0', 1, '2026-03-10 16:19:33.399075', 3),
(239, b'0', 1, '2026-03-10 16:20:53.511684', 3),
(240, b'0', 5, '2026-03-10 16:21:56.645927', 3),
(241, b'0', 6, '2026-03-10 16:23:04.151629', 3),
(242, b'0', 10, '2026-03-10 16:23:46.455829', 3),
(243, b'0', 1, '2026-03-10 16:25:04.478112', 3),
(244, b'0', 10, '2026-03-10 16:25:23.819622', 3),
(245, b'0', 20, '2026-03-10 16:26:29.223692', 3),
(246, b'0', 20, '2026-03-10 16:27:53.201038', 3),
(247, b'0', 1, '2026-03-10 20:57:21.952000', 3),
(248, b'0', 1, '2026-03-10 21:02:40.658565', 3),
(249, b'0', 1, '2026-03-10 21:04:06.395849', 3),
(250, b'0', 1, '2026-03-10 21:05:34.185738', 3),
(251, b'0', 2, '2026-03-10 21:06:16.646637', 3),
(252, b'0', 3, '2026-03-10 21:07:09.475331', 3),
(253, b'0', 3, '2026-03-10 21:08:19.688232', 3),
(254, b'0', 3, '2026-03-10 21:09:21.695261', 3),
(255, b'0', 3, '2026-03-10 21:09:22.079813', 3),
(256, b'0', 1, '2026-03-10 21:10:47.268617', 3),
(257, b'0', 4, '2026-03-11 09:02:53.952873', 3),
(258, b'0', 4, '2026-03-11 09:03:16.418367', 3),
(259, b'0', 1, '2026-03-11 09:03:44.793272', 3),
(260, b'0', 1, '2026-03-11 13:31:50.521199', 3),
(261, b'0', 1, '2026-03-11 13:33:35.638868', 3),
(262, b'0', 4, '2026-03-11 14:13:55.224678', 3),
(263, b'0', 10, '2026-03-11 14:16:55.920135', 3),
(264, b'0', 10, '2026-03-11 14:19:15.097885', 3),
(265, b'0', 2, '2026-03-11 14:24:59.430111', 3),
(266, b'0', 2, '2026-03-11 14:29:13.594979', 4),
(267, b'0', 6, '2026-03-11 15:58:17.907177', 2),
(268, b'0', 10, '2026-03-11 16:03:00.845357', 2),
(269, b'0', 1, '2026-03-11 16:03:13.792125', 2),
(270, b'0', 7, '2026-03-11 16:05:45.587999', 2),
(271, b'0', 10, '2026-03-11 16:05:52.883688', 2),
(272, b'0', 1, '2026-03-11 18:02:19.884512', 2),
(273, b'0', 2, '2026-03-11 18:08:31.570062', 2),
(274, b'0', 10, '2026-03-11 18:12:21.960958', 2),
(275, b'0', 10, '2026-03-11 18:14:33.057975', 2),
(276, b'0', 10, '2026-03-11 18:16:18.189163', 2),
(277, b'0', 10, '2026-03-11 18:19:00.462416', 2),
(278, b'0', 10, '2026-03-11 18:19:52.299609', 2),
(279, b'0', 10, '2026-03-11 18:20:33.744926', 2),
(280, b'0', 10, '2026-03-11 18:24:27.264664', 2),
(281, b'0', 1, '2026-03-11 19:19:23.189853', 3),
(282, b'0', 2, '2026-03-11 19:22:37.329840', 3),
(283, b'0', 3, '2026-03-11 19:29:16.086048', 3),
(284, b'0', 1, '2026-03-11 19:40:08.229978', 3),
(285, b'0', 2, '2026-03-11 19:50:50.710973', 3),
(286, b'0', 1, '2026-03-11 19:58:47.175755', 3),
(287, b'0', 1, '2026-03-11 19:59:24.212314', 3),
(288, b'0', 1, '2026-03-12 11:20:43.393740', 5),
(289, b'0', 1, '2026-03-12 11:21:04.490545', 5),
(290, b'0', 2, '2026-03-12 11:27:29.041299', 5),
(291, b'1', 1, '2026-03-12 11:32:00.391636', 5),
(292, b'0', 10, '2026-03-12 11:32:35.724372', 3),
(293, b'0', 10, '2026-03-12 11:33:01.799443', 3),
(294, b'0', 1, '2026-03-12 11:33:17.720300', 3),
(295, b'0', 10, '2026-03-12 11:33:23.739896', 3),
(296, b'0', 10, '2026-03-12 11:34:26.873465', 3),
(297, b'0', 10, '2026-03-12 11:35:00.687790', 3),
(298, b'0', 5, '2026-03-12 11:37:37.924198', 3),
(299, b'0', 9, '2026-03-12 11:38:12.038352', 3),
(300, b'0', 8, '2026-03-12 11:39:40.506647', 3),
(301, b'0', 8, '2026-03-12 11:41:06.650796', 3),
(302, b'0', 8, '2026-03-12 11:43:45.415504', 3),
(303, b'0', 8, '2026-03-12 11:45:42.378703', 3),
(304, b'0', 1, '2026-03-12 11:47:32.979960', 3),
(305, b'0', 1, '2026-03-12 11:54:38.059997', 7),
(306, b'0', 2, '2026-03-12 12:00:48.226688', 7),
(307, b'0', 3, '2026-03-12 12:07:14.676872', 7),
(308, b'0', 1, '2026-03-12 12:14:16.491714', 6),
(309, b'0', 1, '2026-03-13 11:20:24.890658', 8),
(310, b'0', 2, '2026-03-13 11:26:39.537374', 8),
(311, b'0', 3, '2026-03-13 11:32:54.246137', 8),
(312, b'0', 10, '2026-03-13 11:39:19.510962', 3),
(313, b'0', 1, '2026-03-13 12:13:33.858329', 9),
(314, b'0', 2, '2026-03-13 12:19:44.504712', 9),
(315, b'1', 3, '2026-03-13 12:25:55.793752', 9),
(316, b'0', 1, '2026-03-14 19:44:22.436898', 10);

-- --------------------------------------------------------

--
-- Table structure for table `players`
--

CREATE TABLE `players` (
  `id` bigint(20) NOT NULL,
  `current_night` int(11) NOT NULL,
  `password` varchar(255) NOT NULL,
  `username` varchar(255) NOT NULL
) ENGINE=InnoDB DEFAULT CHARSET=utf8mb4 COLLATE=utf8mb4_uca1400_ai_ci;

--
-- Dumping data for table `players`
--

INSERT INTO `players` (`id`, `current_night`, `password`, `username`) VALUES
(1, 4, '$2a$10$DP7CuIISWOokMl0VemfavuaF1ioz.icAsTsngNXtmnXrQKHaJji4m', 'Damien'),
(2, 1, '$2a$10$jYli2UwPPEqQns1x/V3Yv.vGk64TzaPdBFRXL6zKGNzRgp07f9dU6', 'Nathan'),
(3, 1, '$2a$10$0aST8f4.wgLbb5ORlXUWg.ALMOQGxlTXjkD0S/qxKCP3O86wqKUCW', 'Hamza'),
(4, 3, '$2a$10$sgZhw7laYOeA7VuJ340KA.IVwG04XSiv6Zj6xZpaVjzbpRG2IaVo6', 'Test'),
(5, 1, '$2a$10$RSW8zvGeL5IiEf5GtvsNyeqoLhR6MWT6rUbHYgAK3GBDTLDQhVXf2', 'nono'),
(6, 2, '$2a$10$jLaxaRuN10Aq3VG3.MGifOX66IB3QFJh0yjhJMpWUzefFE/DnwNVG', 'DamienNouvellon'),
(7, 4, '$2a$10$X1Y8e22HP7vWw.uIlcGPgek1j/H3DGEXJGHB9oAnejpj.8OAJUNgy', 'MathisSupraDarkxxx'),
(8, 4, '$2a$10$SsaCENdZyLLVA9nFVtHL7uWtu/coIPppLa4jajy2CV6.yqZ9FyloS', 'Michael Afton'),
(9, 3, '$2a$10$LaMSC31kHw6mlmUCiCtvT.BAZaCXbJrtyVzogKaSvVETcGbaPVwce', 'jimmy'),
(10, 2, '$2a$10$vYz6G2SUs8ky0IQQt3YfkuEiT1XzexIc3RlSZEwYRA8klPwnFX2M2', 'Siphano');

-- --------------------------------------------------------

--
-- Table structure for table `scores`
--

CREATE TABLE `scores` (
  `id` bigint(20) NOT NULL,
  `max_night` int(11) NOT NULL,
  `score_value` int(11) NOT NULL
) ENGINE=InnoDB DEFAULT CHARSET=utf8mb4 COLLATE=utf8mb4_uca1400_ai_ci;

--
-- Dumping data for table `scores`
--

INSERT INTO `scores` (`id`, `max_night`, `score_value`) VALUES
(1, 6, 5083),
(2, 7, 9602),
(3, 6, 19033),
(4, 3, 2000),
(5, 2, 1691),
(6, 2, 1000),
(7, 4, 3000),
(8, 4, 3000),
(9, 3, 2000),
(10, 2, 1000);

--
-- Indexes for dumped tables
--

--
-- Indexes for table `game_sessions`
--
ALTER TABLE `game_sessions`
  ADD PRIMARY KEY (`id`),
  ADD KEY `FKg7qtar0m0j6ar26ri4xl0kbah` (`player_id`);

--
-- Indexes for table `players`
--
ALTER TABLE `players`
  ADD PRIMARY KEY (`id`),
  ADD UNIQUE KEY `UK_p1chj5w2v1nune5xmmd94u1yj` (`username`);

--
-- Indexes for table `scores`
--
ALTER TABLE `scores`
  ADD PRIMARY KEY (`id`);

--
-- AUTO_INCREMENT for dumped tables
--

--
-- AUTO_INCREMENT for table `game_sessions`
--
ALTER TABLE `game_sessions`
  MODIFY `id` bigint(20) NOT NULL AUTO_INCREMENT, AUTO_INCREMENT=317;

--
-- AUTO_INCREMENT for table `players`
--
ALTER TABLE `players`
  MODIFY `id` bigint(20) NOT NULL AUTO_INCREMENT, AUTO_INCREMENT=11;

--
-- Constraints for dumped tables
--

--
-- Constraints for table `game_sessions`
--
ALTER TABLE `game_sessions`
  ADD CONSTRAINT `FKg7qtar0m0j6ar26ri4xl0kbah` FOREIGN KEY (`player_id`) REFERENCES `players` (`id`);

--
-- Constraints for table `scores`
--
ALTER TABLE `scores`
  ADD CONSTRAINT `FKhgv3c6dkbuchffhmamq9nm2cu` FOREIGN KEY (`id`) REFERENCES `players` (`id`);
COMMIT;

/*!40101 SET CHARACTER_SET_CLIENT=@OLD_CHARACTER_SET_CLIENT */;
/*!40101 SET CHARACTER_SET_RESULTS=@OLD_CHARACTER_SET_RESULTS */;
/*!40101 SET COLLATION_CONNECTION=@OLD_COLLATION_CONNECTION */;
